{"task-continuity-sync-after-tab-change-rollout-40":{"slug":"task-continuity-sync-after-tab-change-rollout-40","branch":{"slug":"sync-after-tab","ratio":1,"feature":{"value":{},"enabled":false,"featureId":"this-is-included-for-desktop-pre-95-support"},"features":[{"value":{"syncDelayAfterTabChange":5000},"enabled":true,"featureId":"syncAfterTabChange"}]},"active":true,"enrollmentId":"0f5013b6-9539-49b9-9926-df36de37c682","experimentType":"nimbus","source":"rs-loader","userFacingName":"Task Continuity - Sync after tab change Rollout 40%","userFacingDescription":"Increase frequency of syncing after tab changes","lastSeen":"2022-11-10T01:20:54.067Z","featureIds":["syncAfterTabChange"],"isRollout":false}}